{"v":"KERI10JSON000155_","\u0004£ÕB":[-9.820166423828974e+85,false,3.664440507910731e+289,null,false,false,-1.7976931348623157e+308,3.664440507910731e+289,false],"mÈ/µ éè":["񭠘","ö5¤DÆÈÇ򱞾",true,"\u0007","󒞅\u001b\u0007xhððôö"],"Ñ":false,"":null,"\u00056𿌁2𰦒":{"0":-0.3333333333333333},"":["g"]}