{"v":"KERI10JSON0000c1_","(Ý":[false],"1":-2.2250738585072014e-308,"􋲤󀡡\u0004Ä\u0005ü":{},"":[true,"\u001d",1.2548331190148843e+220],"Ö\u001c{_·`":{"\f󣁗Ö":-6.103515625e-05}}