{"v":"KERI10JSON0000e9_","񔳩󋆹񦊀í>":[2.2250738585e-313,false,false],"\u001e":{"ã󙭞񱋪Q":null,"5¥񎠡󶖍\r":10000000.0,"V􍁬M":true,"Í":true,"»6í񄩸𻜘À":null},"Ì,ࢻ򙦃򶟅":[2.2250738585e-313,false,true]}