{"v":"KERI10JSON00067e_","":[-0.99999,"񈪷\u0018","񈪷\u0018",-0.99999],"]":[],"\u0001UO":null,"§𨋛i":{"ï󅄦\u0012\u000fæ":[],"§򷡗򠹡`Ûh":[2.00001,null,"~²\u0006"],"Úë":{"E\u0013RFÌM§ù\u0007-/6":1e-05,"򧻧񧦝ù1󏍇񑧡ÿ򔁲Ozz":"","¯ò\u0002Ü𗞏I򷧟񔶭v":"\t$","𶔢":false,"":null,"Ç§yÐ󪇨ªÆ+g󷚣󉚕¤?gÜ«󜄩󍳏kÔ𶅆\u0006먨F\u0018%󩂒\u0001%Qp":-3.402823466e+38,"ÚËX򌐹x":"Ñj","雤e\u0016êÝ£®_ç򶖠Ë\"á":null,"𯰃":null,"p\u001f&":0.99999,"\f\u0016ÂÕ􄔢":-1.9,"Ø¦\"𤸌óÂA½SÈ/\u0013𳃰ôà󲳴µÁì\u0012\fhKs$J\u0001":null,"𵆖Ç":-1.1346184552889873e+257,"񴋦":null,"񷴖â=":false,"l[ü󪫙\u0017󶪷\u001e?5Ö$À􇔍년H󲑯":null,"𪪁¬H&»'\u001a񺎾\u0001í🟒ÐÄ":null,"µÍä»Ú仝":-6.103515625e-05,"qZ񩔳w\u0018K\u001cj|¿\u001a򡰔":"Ñj","󥦛®":null,"·(G":1.7976931348623157e+308,"X\u001ag󿝝È":false,"<Î\u0019񦽌Ú𞘒񆖵񖟽\u0019񂫊}¶ÉT=򺗎h񰁡":"\b\u0010","ÂîÆqv":null,"T񡊐":null,"\u0013O=4":-1.5,"¯":false,"(­Óz򵘱·l򧟻Ð":-1.7976931348623157e+308},"\u001d򗯋\t򅒾\u001c7\u0004NS𙛻":[true,-1.7976931348623157e+308],"ò\"Na/É":[],"숈q眇":{"b":false}},"򮾱1\u0004𞃴Óg@¥á𾶣񥒋å_􃷃𤗹񫒝":[[false,-6.103515625e-05,null,-1e-05,5.960464477539063e-08,null,true,null,"µ"],{"":{"Á¯":-1974753065829894.0,"":null,"𰟎\u0017\u0019Ø":0.99999,"¾":"Xíê9©","·ex¾򨂛)Å«8T󃡆":false,"Ø":-0.3333333333333333,"ø¨Ì":3.0530610610903646e-48},"æd´'í":{"(𠤁1":null,"ø¹¾򙔞񠰬½򉭟󔾢q§":null,"X𺔝𷗐q󕐸":-844437848654336.0}}]}