{"v":"KERI10JSON000087_","򋐿G򑯂󃌄\u0003Å":null,"¶":-2.877364843754812e+16,"ÖÕ":null,"":null,"0fF\u0004":1.175494351e-38}