{"v":"KERI10JSON000089_","򋐿G򑯂󃌄\u0003Å":null,"·Z;I6":-2.877364843754812e+16,"ÖÕ":null,"":null,"¶":-6.103515625e-05}