{"v":"KERI10JSON000227_","üz󠷉s񠡛":[{"":true},{"´ïß":-0.5,"򧼍󃼅õ]|Qo\u0016":false,"񖊙;'":true,"Ë":null,"򍏨Ú\u0012pRÊv":null},[1.9],"U+\u0006Ó»Ü3¯q\u0003§򉍇ÏÕì>- +",[null,1.1754943508222875e-38,null],null,["d奟X"],[2.05690814325254e+16,null,"\u0006󥼿­qq-ÓUÉ\bc"],{"½򌰆F𡌈򐆎󻃰OV":null,"":null,"򛣢\u001aq\u001b":null,"ä2¤R\"o¥\u001a0򽥀¨ùµóÝ2":null},["8ù뉪\u0019/\u001a\f",null,false,1.192092896e-07,-1.1754943508222875e-38],"]",[],{"񾇸":0.0},["\u0019Þ𘑸Õ~"]]}