{"v":"KERI10JSON0001f0_","µ\u0010򎆤^񡹥8££":-1.7976931348623157e+308,"\u0016":1.3578273678460105e-269,"4𹇢Ò\u0005":false,"ù\u0011":null,"É&񾐅":"RÆ»>","9Þ􉜩q ":false,"񃪳":-1e-05,"򬿑0äÍÊÏÙ":null,"1𰲆񎟢󟣔Z󡪢Ã𕀢=󔹱l󛈣?wxùå󬏍ó§p\u0001ñ󄿅ñ󙥖ãB𜺚«»𣖮\t񁱖Ë õý\u0011𠼈½ºá񚀙􉙵ø󾲵\u0001r2𹄫":1.5,"2𑬨":2.2250738585e-313,"񐭘":false,"\u0015ö@򦛅ÍèÀ\u0014IT÷":false,"":"x-t","EB":2.225073858507203e-309}