{"v":"KERI10JSON00012b_","𙹰TÊ!񼺲":[0.5,"æ\u001d³[ß;\u001dm¶\u0019",-1.9311913530229926e+137,false,"Ë\"",true,-1.9311913530229926e+137,"",-6.009061137349039e+16,"æ\u001d³[ß;\u001dm¶\u0019",null],"¡":-2.00001,"":[false,true,0.0,null,false,null,true,true,null,-6.795470242433895e+16]}