{"v":"KERI10JSON00008f_","򋐿G򑯂󃌄\u0003Å":null,"·Z;I6":-2.877364843754812e+16,"ÖÕ":null,"":null,"¶":-2.877364843754812e+16}