{"v":"KERI10JSON00048d_","BÃo򅟝Åc©𙛹򍦎C򭢶\u0017Ô²":[1.192092896e-07,"𩜢¢¨t󲸌qM𶓵OpHx\u0004Ñ?Já",{"(":true,"`:u":null,"󤽕¹󲏐Ã󻓖󴇴â\\b\u0019~Fõóë򍈸H)":null}],"X񎤉]@򽖑Ä":[1.192092896e-07,"𩜢¢¨t󲸌qM𶓵OpHx\u0004Ñ?Já",{"(":true,"`:u":null,"󤽕¹󲏐Ã󻓖󴇴â\\b\u0019~Fõóë򍈸H)":null}],"\t􌬚󘁽񯚋􎒼Òo\u000eÔî\\壎ºJlÇ􁒬ìç󭥰D§\u0011Þ":{"󭗡K":{"*ë":8.925386216513723e-298,"򣦉":-3.402823466e+38,"¼񾦴±m򈲴ãª</\b\u0003󵱌ª\u0019ãiâ":"񯪄ù𖭕´","B恑§Vá\u001bÿOøE\u001e¿𷄘􊃈":1.7976931348623155e+308,"±":1.1125369292536007e-308},"򘒁\f\u0014´󸛹":[],"񷅅Øí\u000b񝟱":{"³7𓏺𤪑Iõè𘵅\u001d­ම":-1.1754943508222875e-38,"{󨟛񷒪¢å":-5.4788968161858136e+16,"ëMÍý":"","󐻻U":null,"\u001e":null,"񵺎G\ftÂK\u0017\u001e\"􇕩":false,"񙆒ñ":-2.00001,"¶":"÷","/򄗁":1.4469059041303471,"򭏧{󉑭U\u0007Å\u0017I[!񫨻À򹀿Ì#":null},"J򣑅\u001f\b𓼁s":[false,"r"],"󼅍7w":{"":null,"򷥄":null,"d\tü":"󄡓ßÂ򖄠\u0010񷴲","­":null},"":{"":"ß","dm¯x":true,"񠬩𖩯0":null,"51":null}}}