{"v":"KERICAAJSONAAHY.","":{"p󈭉zÅI":true,"":{}},")W'񋱮a@":[],"2":{"7\u001530񰬃󘳨ñgs¼uäÄÀ":true},"2񐨀":[{"\u0011Áï%":"53Úû\u001b󈭉zÅI"},"0024'񋱮a@",{"42\u0015S񼮻󘳨ñgs¼uäÄÀ":false},[true,-3.402823466e+38,null,"Æ򊡯u"],1.1,[{"2":-849942990423590.0,"45134𐮲𼠇JbZm.󻗮񪋓×ñ\u000e":-10000000.0,"f񾷐j":0.0,"\u000e^·Èä":-0.99999,"":true},2.2250738585e-313,{"4XÇ񷈊𛚴":true},[null,true,-1.5,"𳤀"]]]}