{"v":"KERICAAJSONAAR5.","Xûâ䌪ö":{},"_å𔰳Â\u001aÅ":{"":false},"u𘑯ñ\u0011":{},"":[null,["\u001aeqì",{"":null,"Õ":4.048867781185014e-162,"󯪦P":false},[1.401298464324817e-45,"򅋛𐾺","",2.2250738585e-313],{"󌥵-d":true,"9RM񷀪":1.9,"":5.599771125835598e+16,"-_ÀÚã­":true},{"򭅞`":6.103515625e-05},[true],true,-1.7976931348623157e+308,"º񔠿",{"É":null,"":"","2çx+巄{𧳝":"AWë<ᝃ","ZðÊ񐠤t":true,"򀋍\u000fø":"\\󴤫\u0015","­e¹":1e-05,"ë":-3.438849802622772e+16,"Ý":null},["D",null]],[["",-2.00001,6.103515625e-05,null,true,-5.960464477539063e-08,null],{"\u001e󬺟>n":-964904823890162.0,"¸\u0013Y򪆁 A񬡳w~\u0017񟡞𣐶m\"ÂPá":-3.402823466e+38,"\u000e󴯨=}蠬\u0011P":-2.225073858507e-311,"":"","\u001d9 ÿL\\򗻦Í«\u001c󚉐E 6􁆠ñ1":false,"5ð":null,"kO񽿎":null},{"":false,"¢mq©#\u0019\u0000\bÓ&":false,"Hz𵥪":-1.0357966349286426e+37,"@Ó^":null,"Þt{¯(\u0000񀛢s":false,"/":false},"\u0001Ñ\u001e􃦮B񖹸",null],[null,null]],"󧦚äµ򵱡𩡟o󗮝ßæ𧌬ÇÉha󌌊󭜧ìýä¹𱻱🹔}¼":{},"Ò𗻷¨Jû>¨󯘦«񐿎h%çO":"\u0016\u0018«£"}