{"v":"KERICAAJSONAAG8.","²âZà\u0010":{"Ø÷񕊏Ô":[true,false,null,null,1.7976931348623157e+308,true,false],"򮠥Ú\u0004·FÛýõB2÷𥓞Ó¾𨱢󪱦cÊ󒺙v􋧞\u001c¡Ê":{"񢔔¾򔣔(½񚣾C":true,"÷k񀄥\u0013jq\u0003¤󰤩򨉦s":null,"Ì+-򙝙Ä*ÿ3\u0006=9ÿ°ay|4¦\u000e\u001f񷉀𚰎":false,"𞨉":1.7976931348623157e+308,"":false,"\u00194uJ¢6$3l":1.7976931348623157e+308,"ýöõ\u0007񮴺ê񷹯øÍ":null},"ÿ":[]}}