{"v":"KERICAAJSONAAUh.","g":{"񦐦X\tÃ":false,"𲁑󞀦\u0003³½\t𶌙aå\u0010򇽳É:\u000e¼d\u0011m$𬋱":false,"":"󯀵N"},"Eè¿":null,"j":[[null,0.99999,true,null,"äê-󳂻x^",true,0.0,null,true,"\u000bhÂYz,",1.7976931348623157e+308],{"â𤢌õå«ô":true,"𪓍񑶊øî񼡮WÜ󿉙򜾱򖯓d\u0012\u0007n󸯔򶧢򉏳Õ»񡌬×񍵍z󯶼D󦾅򴃏,񳟓𸜀\n":1.7976931348623155e+308,"\u0014_ÝC":null,"򵽚Ô򘄔|":null},[5.960464477539063e-08,"",null],["³lÁ^","𦪶󍆆𥷆񽃊{îü󫙛°a湊񼒘L§",true,false]],"äû𐿍󪊃𽛲񦇤󂴅èÖðÌl򨤗Ä£Wø":true,"":{},"":{"ø":[true,null],"":true,"\u001d󭿭I8𩓶~¸":2.225073858507e-311,"򺍝򩎼íRÎ󯙹É򺋱WáªvØ񷇂":{"\u0014\u0003^\u001f<𫷘\nd":-6.103515625e-05,"¿":false,"󐜳\u0015-ã¨I\r񼒎æRÞá^Ô":null,"i3󑭥N𑅅":-6.103515625e-05,"":"\\1öN\b\b","*C±򍟓úä;􎢢":true,"\u0000)򧺸«󼑳󎑲r\u0012¨":-0.3333333333333333,"񅫠Ý":"ÿ","𔵹ù󋃧ç\u0014Á/³":"`","B":true,"󴺧=򖞑􎿋":null,"(5":null,"":0.0,"5\u0007":2.00001,"<􄽬":-1.7976931348623157e+308,"U򜩭û\u001b\u0001":false,"Õ񮥜":"򑪰𼹑\u0000°\u0013Þ»󚼗񆇕¨\u0011"}},"°6ñé":{"ÓN򸀏=]6\u001c\u0019\u000b":true,"Q":true,"q􍋒":-0.5,";1&򓁓î[ÆçÜE\u001fH":null}}