{"v":"KERICAAJSONAAFF.",",¼":2.2250738585072014e-308,"":-9007199254740992.0,"§ɘ·\u00178°`":"×±","C¨W>^\b񣧄:󥈾}Ç":null,"񹺿D_顂Ç":2.2250738585072014e-308,"Àì":null,"b᧙\u001cª\u0012ª":-5.434170214970145e+129,"򿀚":false,"Naû-Ü;+\u000bz\rSég":10000000.0,"¤\u0000÷è𹌧¢·\u0019𞲲":null}