{"v":"KERICAAJSONAAC6.","":1.7976931348623157e+308,"]":null,"K¾÷":false,"\u001b񸊊":1.7976931348623157e+308,"ê\u0014}":1.7976931348623157e+308,"񋛣Á༠":true,"\"":null,"@":false}