{"v":"KERICAAJSONAALv.","®#%IxS?a":["MêÇ",-5.559823910114022e+16],"Ù\u001d򈤞¨񤔵":{"0\u0013隐×軭\u0007 򾏇󷾽":-3.3727535095632824e+16,"Iዿ\u0018":-0.99999,"ç´\u001dP":-5.960464477539063e-08,"":false,"":2.225073858507203e-309,"ø\u0017󂎨󿜢𘶫\u0015\u000eû񖾰E񜽄ý\u001d":-1.401298464324817e-45,"Úðô􌫎n":-1693428329218048.0,"1\u0018񼐱£":"2ÿ%0","013񎸂7𐤆":null},"44⨑񝕁Äô":["𣀇𐨅",true,null,[10000000.0,false,null,true,"1¼\u0010'.j5ÍAaôÑ񞽱򣇸¿k",null,true,"񃲘𩁇",2.225073858507203e-309],{"7":1.1,"1\u00162":1064353042458677.0,"O":-2.2250738585e-313,"":true,"4765":1.9,"à񅌆󀿕051":true,"340񰴄1":true}],"4":[],"2":{"<2502\u0012":null,"0527":{"Ç":null}}}