{"v":"KERICAAJSONAAg2.","iü¤M¤ ":{"­ï":{"Â":9007199254740992.0,"򅍷³U":-1.5,"\u0007Ó\u0019󗞁":false},"í":"\u0014","ù":{"\u0005񞩼򇈨Z":1.5,"󍪠ô)Æøó¾":null,"\t󶈯\u001f¯%\tù":false,"Æ½ÔÆÌ򄟈ó\u001cõÿå\"Ý󀖸º":"󨝅","í":false,"":0.5,";":-0.99999,"\u001c+á-¹A":null,"X¾򨅘":0.5}},"·p":[-6.3671647432892664e+16,"𙿓\u000e󆃑𔦝󹈨"],"ù":{"å0\u001cu\u0002QO5񒬦K`,êUîU£øS.p÷¦\"𾜍":true,"!􀬱gû":true,"":true,"񒐞ü󼼈5ì®򳬀ÄÉX񱠳":null,"pQe;\u0006­¤aÒ\u0014":1.7976931348623157e+308,"\u0017Pø£":null,"\u0018±ßâ8":-9007199254740992.0,"򻅗b럙¡q󔪟󘆌񗝉r[/𲞜\u0015":true,"\u0012¸lôåöÈ½¤Ê\u0018Y񂮭%":false,"ºY3\u001cÄýC򞲡,R":"E񕾯}󩼤{¡Ä¹","򏍫¦":true,"X":1.1},";¬":{"ᦺ񓇡Ð򠷉򎫼򬿺ß":[],"à󍅠񑅙":null,"Iåꈵ½&á¼":"","'´e􌢠":true},"񑋟<{Ü":{"򀧀3򑢆򫉾𶼈}æe":{}},"¥=":{"\u0004":5e-324,"²":null},"\u0004":[["\u0015¢o¹\"þ󶕊","","Î",6.850860348335107e-36,null,null,"\u001be򢅘򪉹M",2.00001,2.225073858507203e-309,null,"D\u0003L\\GÎ 󓃜򚪕-×!ìZZ𫯄y"],{"":[],"\u001f[a𜚲)¡󍞰ÖF\u0006󜴦\\`򒴰\u0005h\t\\R1­\u001a>í£«":[4.2601376286610384e+32],"³Þ+􍧲6":[null,"èGu񕽚",null,1.7976931348623157e+308,-1.5,false,3.402823466e+38],"åh»ä·\u0019IB":null,"égï":null,"´ò":5.960464477539063e-08,"í«":{"":"\\󃜼yÊ󜋠𚨃EU𾤼Ë\u0005Á§","a8ÒÂ+\u0011Î\nZê":-2.00001,"Ë":false},"äÒ~@򔛵":{"𛧙&􀷲Êg":-1.7976931348623157e+308,"¡§񳸹ºNLS𑏆򘏽":10000000.0,"􉘾򄾮\u0002":-0.0," ì":true,"\u001d±":null,"򪌢򶘙":-2.3295925091651536e-06}},[{":":"","":{"":null},"1bro0³§":[-2.2250738585e-313,"&_ª&:",false,true,true,-6.103515625e-05],"Z%R+𪻪\t":{">P񦦮":"𵱣±@","­󄎁\u001f":"^W","𗺆󤰛򷋯éÜ¢my⚂񀎮í;êë":true}},[{}],[true,true,"þ\"t",true,true,false,1.7976931348623155e+308,null,"p/","","",-7.001526595454749e+175,"o󹼬𡰎T",false,-2.00001,null,true,5.696315074398503e-291,"",true,-1814992381592929.0,2.920686441070455e-31]]],"²󃌠":[]}