{"v":"KERICAAJSONAACx.","":-3.402823466e+38,"]\u001cK¾÷":false,"\u001b񸊊":1.7976931348623157e+308,"ê\u0014}":1.7976931348623157e+308,"񋛣Á༠":true,"\"":null,"@":false}