{"v":"KERICAAJSONAAEv.","Ü񋻚n0Ûø򛅆N񛱡󳻅e򿂺󫘨².ë𘨊Àÿ":1.401298464324817e-45,"󠴄":false,"ø򛅆N񛱡󳻅e򿂺󫘨².ë𘨊Àÿ":9007199254740992.0,"":1.401298464324817e-45,"𯾤":false,"º¹JÚ":null,"¬":0.0,"6񰸚򌌛Ø":true,"󧭨󡍯":"","'«\u0006􆓈_":2.225073858507203e-309}