{"v":"KERICAAJSONAADg.","~p󯟶𫟿":true,"":"íí","#þ":null,"ðÈ":-2.225073858507203e-309,"1":false,"񇚓\u0005g\u000bÂ,񭆶":-1.8356603950808076e+16,"à=Ú":null,"¤ã .":null,"`]\u0019)T򹍝𯷕":null,"\u0018":null}